﻿<?xml version="1.0" encoding="utf-8"?><meta xmlns:xsi="http://www.w3.org/2001/XMLSchema-instance" xmlns:xsd="http://www.w3.org/2001/XMLSchema"><project id="68IrUYn93t8" courseid="5nOpSnlcFy3_course_id" thumburl="story_content/thumbnail.jpg" title="Mobile Learning Seni Musik" datepublished="2022-12-19T13:35:58" version="1.0.0.0" flashdata="story_content/data.swf" html5data="mobile/data.json" mobiledata="mobile/data.gz" enabledownload="false" duration="About 3 minutes" totalaudio="9236" totalvideo="24146"><description>Multimedia berjenis tutorial yang dibuat untuk membantu pembelajaran mata pelajaran seni musik kelas XI. Tepatnya pada bab "Musik Barat".</description><keywords /><slidemeta moniker="slide" monikerplural="slides" viewslides="36" slidecountdescription="36 slides" /><author name="ASUS ZENBOOK" email="" website="" /><application name="Articulate Storyline" version="3.71.29339.0" xmlversion="4.0" /></project></meta>